true_label,predicted_probability,predicted_label
0,0.010603388180024922,0
0,0.07964967968563239,0
0,0.10973031222820283,0
1,0.8450629703203837,1
0,0.13581766823927563,0
0,7.67553234860922e-05,0
0,0.02395934170888116,0
0,0.005175134552021821,0
1,0.18116872886816662,0
0,0.0043606987812866765,0
0,0.41052416046460466,0
0,0.010345974423301716,0
0,0.028119576759636403,0
1,0.830185980796814,1
0,0.05507920670012633,0
0,0.000803797971457243,0
0,0.03581016376614571,0
0,0.05847516924142837,0
0,0.0005038692227875193,0
0,0.8545603783925374,1
0,0.22512644767761233,0
1,0.9050599058469136,1
0,0.07434766511122386,0
0,0.6259027429421743,1
0,0.07671764207382997,0
0,0.0446166917309165,0
1,0.44197862307230634,0
0,0.17386298378308615,0
0,0.44904946863651274,0
0,0.6171118410428366,1
0,0.45516813655694327,0
1,0.7998138546943664,1
0,0.03867068037390709,0
0,0.020674792487795152,0
0,0.00045860981723914546,0
0,0.6620470440387726,1
0,0.00014221250118377307,0
0,0.16393439988295236,0
1,0.22636867125829063,0
0,0.03126396787663301,0
0,0.412079581618309,0
1,0.6264118099212647,1
0,0.007385855223983526,0
0,0.029933562477429707,0
0,0.5730248673756918,1
1,0.7863112314542134,1
0,0.040861181964476904,0
0,0.36087345259574555,0
0,0.0006764836143702269,0
0,0.00022378955812503895,0
0,0.0703769034643968,0
1,0.9048774107297262,1
0,0.22666978955268857,0
0,0.5030258198579153,1
0,0.0659473339219888,0
1,0.8349895787239076,1
1,0.8721556242307028,1
0,0.06006856886049112,0
0,0.03950405730555455,0
1,0.9196875945727031,1
0,0.7492158389091491,1
0,0.16272369047005972,0
1,0.8823594284057616,1
0,0.39177782495816543,0
0,0.023655619844794275,0
0,0.045799647122621544,0
0,0.039703169415394465,0
0,0.7328136889139811,1
0,0.00044922340506066877,0
0,0.03511333772912622,0
0,0.37015559816112126,0
0,0.0538681219642361,0
1,0.5939832691351573,1
0,0.019513299986720085,0
0,0.07622301891446114,0
0,0.14466664006312688,0
0,0.015447063203901053,0
0,0.19745150526364644,0
0,0.05619075609991948,0
1,0.8408328493436178,1
0,0.0421549437691768,0
1,0.9430201824506125,1
0,0.058831911403685815,0
0,0.024432502898077173,0
1,0.9339616092046102,1
0,0.023890394579308732,0
1,0.7325621684392294,1
0,0.08387573401133219,0
0,0.0007322166735927264,0
0,0.3268897231419881,0
0,0.057119233210881554,0
0,0.17284184843301773,0
1,0.5700975950558981,1
0,0.12618045369784037,0
1,0.5482331138849258,1
0,0.0004133733843142788,0
0,0.34721207062558584,0
0,0.8894871441523234,1
0,0.07193356166283289,0
0,0.044183676323542996,0
0,0.11657222335537275,0
1,0.4563076575597127,0
1,0.9376825579007466,1
0,0.05138066817695896,0
1,0.9612487300237019,1
1,0.9868349369366963,1
0,0.2597103869915009,0
0,0.4472539877891541,0
0,0.14940512418746948,0
0,0.016332558194796246,0
1,0.7366067043940226,1
0,0.13157066941261292,0
0,0.008210226887216171,0
0,0.06190992335478465,0
0,0.05561564524968465,0
0,0.004476544909800093,0
1,0.028726096798976263,0
0,0.0005378698697313666,0
0,0.08425236766537031,0
0,0.01991240562250217,0
1,0.9225936420758565,1
0,0.000174576494221886,0
0,0.3039134073257446,0
0,0.48208215892314915,0
1,0.8421176290512085,1
0,0.14276278972625733,0
0,0.031127415414278704,0
0,0.010802794548993308,0
0,0.18711578766504924,0
0,0.003546997125570973,0
0,0.020289139263331892,0
0,0.07523045271635055,0
0,0.5251316471894582,1
1,0.5243426811695099,1
0,0.11726896444956462,0
1,0.7310897374153137,1
1,0.6330936702092488,1
0,0.04780743919312954,0
0,0.02263368330895901,0
0,0.06733346725503604,0
0,0.012931731988986334,0
1,0.8179864931106567,1
0,0.017395313115169606,0
0,0.24225523630777998,0
0,0.03784362541511655,0
1,0.46568067868550617,0
0,0.8539461056391398,1
0,0.010518368595900635,0
0,0.16302113711833954,0
1,0.5705090280373891,1
0,0.6774383874734243,1
0,0.16034511923789976,0
0,0.033957267226651315,0
1,0.694853229522705,1
1,0.03278470409413179,0
0,0.05933532084027926,0
0,0.004642300847917795,0
0,0.14059191942214966,0
0,0.0360565098375082,0
0,0.0008491212502121925,0
0,0.09531728232900301,0
0,0.7608030652999878,1
1,0.08321754147609074,0
1,0.9390972375869752,1
1,0.157138867576917,0
0,0.04721941004196803,0
0,0.008647378838310639,0
0,0.00015402711384619275,0
0,0.056759815538922946,0
0,0.037344269057114916,0
0,0.034130908517787856,0
0,0.2775382300217946,0
0,0.07859821915626526,0
0,0.00010548138137285908,0
1,0.747611543337504,1
1,0.10223380347092947,0
0,0.004526268066838384,0
0,0.01605447442581256,0
0,0.003789863817704221,0
0,0.01761351586629947,0
1,0.2989556360244751,0
0,0.052335799088080726,0
0,0.15316415468851727,0
0,0.027810066292683285,0
0,0.0006186898099258542,0
0,0.5296116900444031,1
0,0.02216334064801534,0
0,0.011246946087727944,0
0,0.0002072341158054769,0
0,0.03709873499969641,0
0,0.028841905581454438,0
0,0.027693934869021178,0
0,0.003428668808968117,0
0,0.3753719123204549,0
1,0.12358253022034964,0
1,0.49069105863571166,0
0,0.010482689977313081,0
0,0.004233026408279936,0
0,0.0182543169396619,0
1,0.6080769364039104,1
0,0.049687192191680274,0
0,0.019962286328276,0
0,0.5101287237803142,1
0,0.033382705077528954,0
0,0.01553803712129593,0
0,0.42710194786389666,0
0,0.680736137231191,1
1,0.19912719349066413,0
0,0.0674586883187294,0
1,0.4342109282811483,0
0,0.49652863820393883,0
0,0.05419534595062336,0
0,0.16614641626675924,0
1,0.60220379114151,1
0,0.051443365899225074,0
0,0.0034484151467525713,0
0,0.0038016843190416694,0
1,0.0448745118578275,0
1,0.882278741200765,1
0,0.00023858877830207348,0
1,0.10780931095282237,0
0,0.004316136551400025,0
0,0.039825170810023944,0
1,0.3092547790209452,0
0,0.03150077805543939,0
0,0.06291108280420303,0
0,0.5146301422516505,1
1,0.9272378770510356,1
1,0.4414453120032946,0
0,0.03826505788291494,0
1,0.37837365388870237,0
0,0.05221584116419156,0
1,0.19299183607101442,0
0,0.9146505506833394,1
0,0.03809031204630931,0
0,0.026972107622617234,0
0,0.020536951158816614,0
0,0.24992490808169046,0
0,0.03431931624809901,0
0,0.0169072200730443,0
0,0.07981010258197785,0
0,0.007784724930922191,0
1,0.3888321240743002,0
0,0.010225922639171282,0
1,0.5190647927920023,1
0,0.04121984918912252,0
0,0.02163253815844655,0
0,0.0521839109249413,0
0,0.17123401522636414,0
0,0.0011475397429118555,0
0,0.3954191077748934,0
0,0.045865128710865975,0
1,0.39065405209859216,0
0,0.5996683770418167,1
0,0.1396957540512085,0
0,0.3746427988012632,0
0,0.0001869435072876513,0
0,0.025237622261047366,0
1,0.6791081317265828,1
0,0.3677383494377136,0
0,0.058456491480271024,0
0,5.622589378617704e-05,0
1,0.3335390591621399,0
1,0.00678452887882789,0
1,0.4885601722200712,0
1,0.41124424854914343,0
0,0.31854679822921755,0
0,0.00010627619728135566,0
0,0.060728167990843455,0
1,0.495107707977295,0
0,0.0008790362626314163,0
1,0.9671304233868917,1
0,0.015342842775086562,0
1,0.9808666777610778,1
0,0.016088860407471657,0
0,0.05503292332092921,0
0,0.12416770736376444,0
0,0.0011738774677117665,0
0,0.21522370974222818,0
0,0.0003626379184424877,0
0,0.16231136520703635,0
0,0.6346299417813619,1
0,0.5645461761951447,1
0,0.030737652958681184,0
0,0.03287955440580845,0
0,0.14852187871932984,0
0,0.6650129413604736,1
0,0.018994309070209662,0
1,0.2196788843472799,0
0,0.006890251993512114,0
0,0.03156196284418305,0
0,0.020764654564360777,0
0,0.4526708913842837,0
0,0.3084597396850586,0
0,0.4468889104326566,0
0,0.01786941971629858,0
0,0.0036623149225488306,0
1,0.8103532505035401,1
0,0.5442706302801769,1
0,0.08039033437768618,0
1,0.9178727825482685,1
0,0.05230503113319476,0
0,0.015542371030896902,0
0,0.16043082753817242,0
0,0.019654002723594508,0
0,0.0014790138229727745,0
1,0.05989271009961764,0
1,0.8126958465576172,1
0,0.35642412026723225,0
0,0.016218081414699555,0
0,0.04623013366013765,0
0,0.42729003131389615,0
1,0.09365587413311005,0
0,0.028532031277815503,0
0,0.017522031736249725,0
0,0.6366775345802307,1
0,0.0005481774763514599,0
1,0.4166650549570719,0
0,0.17535169680913287,0
1,0.4099903019269307,0
0,0.0035722696889812747,0
0,0.6300961844126384,1
0,0.09183493902285894,0
0,0.018239447213709355,0
0,0.07348786808550357,0
0,0.02014445481201013,0
0,0.38843374787519375,0
0,0.15835626900196076,0
0,0.04462893863519033,0
0,0.011580151729285717,0
1,0.7385326973597208,1
0,0.0752335986495018,0
0,0.14765038331349692,0
0,0.000186812326622506,0
1,0.6250361450513204,1
0,0.008889207920680443,0
0,0.03819865047931671,0
0,0.007491293977946043,0
0,0.0002368676553790768,0
0,0.0041505144101878005,0
1,0.1502673476934433,0
0,0.8825377289454143,1
1,0.9380283840497334,1
1,0.47330674380064014,0
1,0.41680425564448037,0
0,0.6312024664878845,1
0,0.3724100084168216,0
0,0.029436519965529442,0
1,0.7125055758158366,1
0,0.00012300496261256436,0
0,0.5130943942070008,1
0,0.702031973997752,1
0,0.09782151599725086,0
0,0.0519747290511926,0
0,0.2148856576283773,0
0,0.40461057970921194,0
0,0.010342501443810761,0
0,0.8307102648417155,1
0,0.029739811917146048,0
0,0.8146805532773337,1
1,0.915214548110962,1
0,0.043280793627103166,0
0,0.1155767147243023,0
0,0.7756463384628297,1
0,0.5764336796601613,1
0,0.16531931837399802,0
0,0.12927477767070136,0
1,0.8103500421841939,1
0,0.38255233158667884,0
1,0.6482077844937643,1
0,0.0037257493597765766,0
1,0.8648241718610127,1
0,0.05237796316544215,0
1,0.9741197832425436,1
0,0.1765021546681722,0
1,0.40458789587020877,0
1,0.20330843806266785,0
0,0.1873134571313858,0
1,0.5707597200075786,1
1,0.4338353792826335,0
0,0.027766622655714553,0
0,0.03868567218383153,0
0,0.0481856915106376,0
0,0.13164631247520445,0
1,0.581902816494306,1
0,0.013578754779106627,0
1,0.35345648447672523,0
1,0.087036458949248,0
1,0.7734795085589091,1
0,0.0001274587023848047,0
1,0.9839788413047791,1
0,0.060945669015248616,0
0,0.19895691752433775,0
0,0.016013538067539534,0
0,0.7662289253870647,1
1,0.8354844649632772,1
0,0.04833229139447212,0
1,0.9455028255780538,1
0,0.01768748429603875,0
0,0.03154587549467882,0
1,0.42954915583133696,0
0,0.9113216495513917,1
1,0.82349249680837,1
1,0.9603656609853108,1
0,0.7769872124989828,1
0,0.0815266057352225,0
0,0.025263064056634903,0
1,0.5289661757151286,1
0,0.07965245137612025,0
0,0.00408389085282882,0
0,0.018170545405397812,0
0,0.09032234062751134,0
0,0.008796101895471415,0
1,0.5678881951173147,1
0,0.26265194376309714,0
0,0.029598179248472054,0
0,0.01420172807139655,0
0,0.38750421522806083,0
0,0.22224241813023884,0
0,0.01629926946014166,0
1,0.9591142018636067,1
1,0.9465952102343241,1
0,0.6650417923927306,1
0,0.005663689610858759,0
1,0.8193124334017435,1
0,0.06489281552533309,0
1,0.9684737499554953,1
1,0.4764680480957031,0
1,0.9328931061426798,1
1,0.7935283970832825,1
0,0.022306025785704453,0
1,0.40644123872121174,0
0,0.0002299256157130003,0
0,0.1625889817873637,0
0,0.030718979475398856,0
0,0.010640548299998045,0
0,0.2790547517935435,0
0,0.17881780703862507,0
1,0.8130401666959127,1
0,0.0005117177885646621,0
0,0.8190417997042339,1
0,0.018539698701351883,0
0,0.00035375515775134164,0
1,0.5786429397265116,1
1,0.974790739218394,1
0,0.006836257752341529,0
0,0.6265217411518097,1
1,0.5622396341959636,1
1,0.9007277385393779,1
0,0.026193650191028914,0
1,0.8354278993606568,1
0,0.08156783610582352,0
0,0.04889392825464408,0
0,0.007730539416273435,0
1,0.5455682524045309,1
1,0.9355662886301676,1
1,0.8955460127194722,1
0,0.010266398128587753,0
0,0.6100861032803854,1
0,0.028165191542357207,0
1,0.8989970636367798,1
1,0.6506989332040151,1
0,0.8744614315032959,1
1,0.9437942584355672,1
0,0.08657203778624534,0
0,0.06120861355215312,0
0,0.028174398752550286,0
0,0.006842641852175196,0
0,0.4035170736908913,0
0,0.0733975883324941,0
0,0.012676105747620264,0
0,0.2577349058787028,0
1,0.6143558661142985,1
0,0.3909785236418248,0
0,0.07141286221643289,0
0,0.010205288039675603,0
0,0.13299713909626007,0
0,0.4200230280558268,0
0,0.5861998856067657,1
0,0.020991934686899184,0
1,0.3214508088429769,0
0,0.010771676811079184,0
0,0.04668623647342126,0
0,0.0044160572936137515,0
1,0.6230148951212565,1
0,0.01387314435094595,0
0,0.3960160588473081,0
0,0.5120964445670446,1
0,0.4581140950322151,0
1,0.9125017682711283,1
1,0.5126806219418844,1
0,0.014600311315928897,0
1,0.5784598422050476,1
0,0.7013299330075582,1
0,0.0039036143540094295,0
1,0.13960135300954182,0
1,0.9262612883249918,1
0,0.03034171948830287,0
1,0.9436384026209513,1
1,0.1353104908267657,0
1,0.8771483008066813,1
0,0.017557352222502234,0
0,9.615813420775036e-05,0
1,0.8298428765932719,1
0,0.052989347875118255,0
0,0.00010347801920336981,0
0,0.181618332862854,0
0,0.12779147148132322,0
0,0.0008603308815509081,0
0,0.29033041079839067,0
0,0.02884893225505948,0
0,0.8169007802009581,1
0,0.0035719998964729408,0
1,0.5043709274133047,1
0,0.038503325587759415,0
0,0.24661141037940978,0
0,0.01378215324288855,0
1,0.9501962049802145,1
1,0.9703397162755331,1
0,0.47756438215573627,0
0,0.004814155474305153,0
1,0.3693583138783773,0
1,0.49951537370681764,0
1,0.06521078869700432,0
0,0.08417043666044871,0
0,0.024507678402587774,0
0,0.010680444141228993,0
0,0.017733364816134176,0
0,0.003442173170624301,0
0,0.05533848317960898,0
1,0.9947980046272278,1
0,0.05360843593875567,0
0,0.05517027273774147,0
0,0.2964959911505381,0
0,0.47262157797813414,0
1,0.18571456154187524,0
0,0.4449979915221532,0
0,0.18087193787097933,0
0,0.017277432202051083,0
0,0.03341357197612524,0
0,0.0034552202625976257,0
0,0.3177022624015808,0
0,0.40749998013178507,0
0,0.6644397556781768,1
0,0.07775241961081823,0
0,0.01852551318705082,0
0,0.006097140486041705,0
0,0.006842622488426666,0
1,0.23503852486610413,0
1,0.8420242810249329,1
1,0.04997552283108234,0
0,0.07310330887635548,0
0,0.026210727070768675,0
0,0.005833251631508271,0
1,0.8932584849993388,1
1,0.9136793573697407,1
0,0.13693898523847262,0
1,0.07995934670170148,0
0,0.012100218553096056,0
0,0.016616057592133682,0
0,0.09835275456309318,0
1,0.9071151574452717,1
0,0.057705357546607654,0
1,0.189960661927859,0
0,0.35513893206914265,0
1,0.9097443151474,1
0,0.014694715371976296,0
0,0.22386566360791527,0
0,0.004505451765532295,0
1,0.9537325549125671,1
0,0.8179077490170797,1
1,0.8289395944277446,1
0,0.037082291021943097,0
0,0.3934804528951645,0
1,0.6162988636891047,1
0,0.060931141820425784,0
0,0.003461637783329934,0
0,0.0001063984624731044,0
1,0.43076682249704995,0
0,0.050617913516859216,0
0,0.021579730305820704,0
0,0.4433864657084147,0
0,0.07798271814982097,0
1,0.9737026302019754,1
1,0.23881625175476073,0
0,0.43612866118550303,0
0,0.0070782698784023525,0
0,0.18563422898451487,0
0,0.0043425977509468795,0
1,0.5767493784427643,1
0,0.013040784038603306,0
0,0.010617265041607121,0
1,0.7034322019418081,1
0,0.05430870895584424,0
0,0.01512436862414082,0
0,0.10509501198927562,0
0,0.009652987892429033,0
0,0.0997835976878802,0
0,0.6127215425173441,1
1,0.7251235405604044,1
1,0.7966021267573039,1
0,0.07581926092505455,0
0,0.09404260079065958,0
1,0.48638293882211053,0
1,0.9020612668991088,1
0,0.4486505295087894,0
0,0.003585241169203073,0
0,0.01689035420616468,0
1,0.3401241517066955,0
0,0.09071079909801483,0
1,0.31529945214589433,0
0,0.004764674926797549,0
1,0.860280369122823,1
1,0.2755707641442617,0
1,0.7111352829138439,1
1,0.7464184252421061,1
0,0.012583656615267197,0
0,0.007521325793738167,0
0,0.7511862190564473,1
0,0.3846525882681211,0
0,0.00135798379778862,0
0,0.06599783348540465,0
0,0.8499103792508443,1
1,0.07469633768002192,0
0,0.023612205014408878,0
0,0.06090169683098793,0
0,0.03438793376088142,0
0,0.028399091189106305,0
1,0.19425719221433005,0
0,0.9000313178698223,1
0,0.1075280636548996,0
0,0.4747317229708036,0
0,0.10034389048814774,0
1,0.032438098738590875,0
1,0.5551050543785095,1
0,0.03530859331289927,0
0,0.8849155863126118,1
0,0.2072256962458293,0
1,0.9816619793574016,1
0,0.3811285579949617,0
0,0.1275140792131424,0
0,0.9005072244008382,1
1,0.5905436213811238,1
0,0.047739260867238044,0
0,0.00010696006938815117,0
1,0.40502512186765677,0
1,0.20947685877482095,0
0,0.10978306223948797,0
0,0.030454133531699578,0
0,0.00033176861082514125,0
0,0.011619470305740833,0
0,0.0326541251440843,0
0,0.005422425686071317,0
0,0.3736272542426984,0
0,0.0023618806153535843,0
0,0.2834189915657043,0
0,0.06788317566116651,0
0,0.2057708140214284,0
0,0.5471234019597372,1
0,0.003712410220565895,0
0,0.0001215519829808424,0
1,0.3224079378445943,0
0,0.0006775055856754383,0
1,0.6388678522904714,1
0,0.09342205892006557,0
0,0.014364299972852072,0
1,0.9236669389406841,1
0,0.034133082926273345,0
0,0.5479966902732849,1
0,0.04090998294763267,0
0,0.6770719687143961,1
0,0.02400603826157749,0
0,0.006132088986535868,0
0,0.020659537967294455,0
1,0.746558965841929,1
1,0.9434351444244385,1
0,0.025568385745088257,0
0,0.04412010122090578,0
0,0.000890602512905995,0
1,0.8412091978391012,1
0,0.1888220077753067,0
0,0.7422660899162293,1
0,0.0010701620485633612,0
0,0.04547343711058299,0
0,0.00255370931699872,0
0,0.07571472495794296,0
0,0.02120426846357683,0
0,0.43882883310317994,0
1,0.153133757909139,0
0,0.08208011999105413,0
1,0.8645991388956705,1
0,0.8443123507499695,1
0,0.06762542934467396,0
0,0.0035257949074730278,0
0,0.07155125496288141,0
1,0.8658989238739014,1
0,0.7782365926106771,1
0,0.02234964241584142,0
1,0.9327397394180298,1
0,0.1757616343100866,0
0,0.0591480219985048,0
0,0.07491070484121641,0
1,0.810518352985382,1
0,0.014572713589295745,0
0,0.03253530048454801,0
0,0.08032291501760483,0
1,0.9551772888501485,1
0,0.5121393831570943,1
0,0.42823180789748827,0
0,0.11606747269630431,0
0,0.03900601044297219,0
0,0.0005359714850783348,0
0,0.23246362845102944,0
1,0.8988507517178853,1
1,0.8610464715957642,1
0,0.11218245436747869,0
1,0.491861191590627,0
1,0.8580339233080546,1
0,0.8088039835294087,1
0,0.06669299393892288,0
0,0.1259587925672531,0
0,0.2904418142636617,0
0,0.2830591913064321,0
0,0.02980045328537623,0
0,0.5720745478073755,1
1,0.9845625297228495,1
0,0.10663815796375276,0
1,0.5093779865900675,1
1,0.7334562722841899,1
0,0.18913297812143962,0
1,0.9402118873596191,1
0,0.0708637964228789,0
1,0.26426329851150515,0
1,0.7718033941586812,1
0,0.13972494463125865,0
0,0.05021426527450482,0
0,0.029536308397849403,0
0,0.1610381269454956,0
1,0.9007490571339926,1
1,0.47970680316289266,0
1,0.051635823796192803,0
0,0.39494015519817666,0
0,0.05317293646434943,0
0,0.5903133503595988,1
0,0.604165431658427,1
0,0.03213590605805317,0
0,0.03442208342254162,0
0,0.0036125538723232845,0
1,0.9516229144732158,1
1,0.8540689055124918,1
1,0.4693614559372266,0
0,0.050833277056614556,0
0,0.06671413354575634,0
0,0.5420691724618276,1
1,0.9269988663991292,1
1,0.32496111273765566,0
0,0.12582382718722027,0
0,0.2499415079752604,0
0,0.000134464877191931,0
0,0.027615638813003898,0
0,0.6293552966912587,1
0,0.3731922549630205,0
0,0.04188959630827108,0
0,0.07458248565594355,0
1,0.9830504528681437,1
0,0.7776101152102153,1
0,0.0006082943097377816,0
1,0.16290544350941977,0
0,0.01566095548371474,0
0,0.04878087244927883,0
0,0.05647189299265543,0
0,0.045448323686917626,0
0,0.03094193313270807,0
1,0.822774928410848,1
0,0.012598519592235485,0
1,0.09580353826284409,0
1,0.6171075415611268,1
0,0.00020231292971099416,0
0,0.0023761775034169355,0
0,0.3665358106295267,0
0,0.3854423974330226,0
0,0.0016065631061792374,0
0,0.7169434658686319,1
0,0.48693361123402906,0
0,0.014842380757133166,0
0,0.6601362812519073,1
0,0.4821474695205688,0
0,0.30809928417205806,0
0,0.004555804807071884,0
0,0.003937701924393575,0
0,0.37578244053448245,0
0,0.0036320820186908046,0
0,0.0018039058583478134,0
0,0.0026158522814512253,0
0,0.04571134438117345,0
0,0.0341947589845707,0
0,0.5481958095232645,1
1,0.9012326558430989,1
0,0.014611304259548584,0
0,0.01040727745120724,0
1,0.4421157224973043,0
1,0.9842540923754374,1
0,0.0006051460901896158,0
0,0.02757602330297232,0
0,0.03458331840733687,0
0,0.045540093171099826,0
0,0.5888926335175833,1
0,0.10155427108208338,0
0,0.07567413091659546,0
0,0.7688681276639303,1
0,0.02072353915621837,0
0,0.007255686169179778,0
0,0.01798817195619146,0
0,0.0008083778278281292,0
0,0.36868239563579364,0
0,0.3768448507289092,0
0,0.00044747546780854464,0
0,0.0049885235851009685,0
0,0.004887237288057804,0
0,0.036201390561958154,0
0,0.04252867831538121,0
1,0.9569662324587505,1
1,0.591216622988383,1
0,0.0006874611135572195,0
0,0.030222591534256937,0
0,0.025013588424772026,0
1,0.4130187022686005,0
0,0.02819702578087648,0
0,0.14232728203137715,0
0,0.013306277717153231,0
0,0.049194718127449355,0
1,0.9058992465337118,1
0,0.33074076811472575,0
0,0.000606127044496437,0
1,0.4444592110315959,0
1,0.45818239271640776,0
0,0.01253904052078724,0
1,0.6796992743015289,1
0,0.15484142939249676,0
0,0.35282154083251954,0
1,0.5788862570126851,1
0,0.0013066406051317851,0
0,0.028835798278450966,0
1,0.08425703724225363,0
0,0.010397626232976714,0
0,7.835633975143234e-05,0
0,0.4249842151006063,0
1,0.28627981384595236,0
0,0.09319607153534888,0
0,0.36798530814548336,0
1,0.5175150418281556,1
0,0.026230732190112276,0
0,0.0282870810230573,0
1,0.541454263528188,1
0,0.3982213385899862,0
0,0.024362633138274154,0
0,0.03401780164490143,0
1,0.9018852051099141,1
1,0.8061679212252298,1
0,0.007061159775281946,0
0,0.034064973983913664,0
0,0.05781020048074425,0
1,0.3329418468475342,0
0,0.7597013409932455,1
0,0.0015479746895531814,0
1,0.20876177906990048,0
0,0.1329794543981552,0
1,0.9659161313374837,1
0,0.047475654898832244,0
0,0.08377828410516182,0
0,0.01230982465048631,0
1,0.905951787630717,1
1,0.7672151517868042,1
0,0.4017316090067227,0
0,0.0585879680638512,0
0,0.23885351061820984,0
0,0.18939084529876707,0
0,0.03941545486450195,0
0,0.015477914971609911,0
1,0.2927703003088633,0
0,0.4196029392878214,0
1,0.6464167912801106,1
0,0.4201288345952829,0
1,0.5502153801918029,1
1,0.9069558604558309,1
0,0.05435026317834854,0
1,0.8305539186795553,1
0,0.38801197052001957,0
0,0.0004615239255751173,0
0,0.0233333437393109,0
0,0.030894779028991858,0
0,0.02080456390976906,0
0,0.10548729658126832,0
1,0.2562884000937144,0
0,0.10391351401805878,0
1,0.9684964728355409,1
0,0.006102346504728,0
0,0.359480455716451,0
0,0.0038927325482169786,0
1,0.80374045530955,1
0,0.33421350717544557,0
0,0.0002485258737578988,0
0,7.01867926788206e-05,0
0,0.016885738496979077,0
0,0.0037232869040841857,0
0,0.0037788350957756243,0
0,0.00010759027403158446,0
0,0.1345730185508728,0
1,0.8679355589548746,1
0,0.004560558975984653,0
1,0.46014857212702437,0
0,0.8594043254852295,1
1,0.7061954418818156,1
0,0.1687113134066264,0
0,0.00036574038676917553,0
1,0.4372645473480225,0
0,0.4399577101071676,0
0,0.07053587347269058,0
0,0.0005124321129793922,0
0,0.40963952501614886,0
0,0.4052262783050537,0
1,0.8508165653546652,1
0,0.18405789772669476,0
0,0.0005171171311909953,0
0,0.03458155781651537,0
0,0.04114174102743467,0
1,0.8385146268208822,1
0,0.820785854657491,1
1,0.9037763245900473,1
0,0.8914497749010722,1
0,0.1797692135969798,0
0,0.020727557965243854,0
0,0.00449116403547426,0
0,0.09773976301153502,0
0,0.6270841813087463,1
0,0.03898407492165764,0
0,0.0787428662677606,0
0,0.006375993055601915,0
1,0.8291864895820616,1
0,0.214596982995669,0
0,0.15058539191881817,0
0,0.539809285402298,1
0,0.2615211383501688,0
1,0.35516698996226,0
0,0.15299385269482932,0
0,0.2775332617759705,0
0,0.03152196921408176,0
0,0.10694629629453023,0
0,0.027835824427505335,0
0,0.0021212476616104445,0
0,0.02454967375844717,0
1,0.07202048540115356,0
0,0.3752918513615926,0
1,0.902008232275645,1
0,8.664483902975917e-05,0
1,0.539360298315684,1
0,0.014693872680266699,0
0,0.10123031710584958,0
0,0.10785664220650991,0
0,0.004412005186701815,0
1,0.012313661544273297,0
0,0.00040166211935381096,0
0,0.04916122823953628,0
0,0.22323631445566813,0
0,0.0001689366763457656,0
1,0.9639604131380718,1
1,0.7920476865768432,1
0,0.011036436843375366,0
1,0.4056899126370748,0
0,0.06049996967116992,0
0,0.0003419093942890565,0
0,0.03429090639886757,0
0,0.10284413615862527,0
0,0.14858600715796152,0
1,0.8787820474306742,1
1,0.06404427280028661,0
0,0.00048545212484896183,0
0,0.08165851066509883,0
1,0.5569824467102686,1
0,0.06560978357369701,0
0,0.07370683141052724,0
1,0.5083660950263341,1
0,0.5152764117717743,1
1,0.45081355492273967,0
0,0.471405131816864,0
0,0.6440579223632813,1
1,0.6927194770177204,1
0,0.02606374628841877,0
1,0.9476084629694621,1
1,0.960060167312622,1
0,0.12461613754431407,0
1,0.9473120125134785,1
0,0.07460873156785965,0
0,0.004895416162908077,0
0,0.7528660186131795,1
1,0.41351323485374447,0
0,0.041437901674459376,0
0,0.054182094708085056,0
0,0.08889426440000535,0
1,0.856123922665914,1
0,0.024651210810989144,0
0,0.0001230588046989093,0
0,0.1817601321140925,0
1,0.9143589361508687,1
1,0.6427883911132812,1
1,0.5182729001839955,1
1,0.4720421329140663,0
0,0.019764798060059548,0
0,0.7745757953325908,1
0,0.014510441099603972,0
1,0.5486965409914653,1
0,0.10148885458707808,0
1,0.9376454377174377,1
0,0.0107637288266172,0
0,0.0005921201081946492,0
0,0.3382752574173113,0
0,0.4766724610328674,0
0,0.0008455356582999229,0
0,0.02438430563857158,0
0,0.03435861603356898,0
1,0.06857029656569164,0
0,0.018117476627230646,0
0,0.02330762378871441,0
0,0.4907231160004934,0
0,0.017681172955781223,0
0,0.003706591666365663,0
1,0.8169994513193766,1
1,0.7774168054262797,1
1,0.8953710746765137,1
0,0.5471382578214009,1
0,0.1933170171578725,0
0,0.015278219543397427,0
0,0.48605021595954895,0
0,0.04106201934317748,0
0,0.8339857260386149,1
0,0.36584825004140537,0
0,0.018503203665216763,0
0,0.010889847291012606,0
1,0.9518326600392659,1
1,0.9431181565920511,1
0,5.2578679363553725e-05,0
0,0.0006185352491835753,0
0,0.04315418094396591,0
1,0.9881426397959391,1
0,0.014243057140459618,0
0,0.00704928153504928,0
0,0.5070621873935064,1
0,0.13704828798770904,0
0,0.07901182601849238,0
1,0.8318472886085511,1
1,0.6109205595652262,1
1,0.0655859470864137,0
1,0.0007598881299297015,0
1,0.19079424142837523,0
0,0.033265182487666606,0
1,0.6174967002868652,1
0,0.8084558828671774,1
0,0.09256554208695889,0
0,0.0075523089555402595,0
0,0.5202521942059198,1
1,0.5611672055721283,1
0,0.7776884587605793,1
0,0.19602434774239855,0
0,0.0756788656115532,0
0,0.07819202947119872,0
0,0.0746348324418068,0
0,0.11425616318980852,0
1,0.003954433600107829,0
0,0.009358796129624048,0
0,0.8522493330637614,1
1,0.7940493162473042,1
1,0.3446168684959412,0
0,0.045457535783449805,0
0,0.1833233586947123,0
0,0.402864738702774,0
1,0.7303096699714661,1
1,0.7566739718119303,1
0,0.025108525666097798,0
0,0.005768003563086192,0
0,0.017516895805795987,0
0,0.22822861075401304,0
0,0.26206023852030436,0
0,0.024516711067408326,0
0,0.0035197249349827567,0
1,0.8565591613451641,1
1,0.14582792242368062,0
0,0.017882300143440565,0
0,0.3397119239966075,0
1,0.25936018884181977,0
1,0.8395981574058533,1
0,0.017351184027890366,0
0,0.004483599057421088,0
1,0.5208273120721181,1
0,0.028338500739385684,0
0,0.0347426587715745,0
0,0.7035674432913462,1
0,0.012038512378931046,0
1,0.5879669795433681,1
0,0.08302160441875457,0
1,0.4911762982606888,0
1,0.4192139967282613,0
1,0.7998686981201172,1
1,0.37917084455490113,0
0,0.03211408548057079,0
0,0.024529804997146132,0
1,0.023246927559375765,0
0,0.0001780062448233366,0
1,0.04187820608417193,0
1,0.12184595068295796,0
1,0.7501463039716084,1
1,0.12709221184253694,0
1,0.2617864709099134,0
0,0.4672391982873281,0
0,0.601135683854421,1
0,0.0024707449289659658,0
0,0.8541905983289082,1
0,0.42230300088723505,0
0,0.16232122083504993,0
0,0.009405740375320116,0
1,0.8760842776298524,1
0,0.7495661815007528,1
1,0.5890916442871094,1
0,0.10367460121711096,0
0,0.0009098561325420936,0
0,0.019704366475343706,0
0,0.1981943545738856,0
0,0.0043302075906346245,0
1,0.32897915999094646,0
0,0.1467465796073278,0
1,0.9626126297314962,1
0,0.15435075143973034,0
0,0.0766972815990448,0
1,0.781689731280009,1
0,0.7502837880452473,1
1,0.37324422200520835,0
0,0.018165638421972594,0
0,0.0468054161965847,0
0,0.04791293995144467,0
0,0.7981624333063762,1
1,0.7846194728215535,1
1,0.11142732461293538,0
0,0.0007934367749840021,0
0,0.16359839618206024,0
0,0.009107844742635885,0
0,0.054918751381337644,0
0,0.5049092372258505,1
0,0.04081395062928398,0
0,0.007296146973967552,0
0,0.7675014781951904,1
0,0.5975995095570882,1
0,0.01903826997925838,0
0,0.027795435215036076,0
0,0.0036769657908007503,0
0,0.026326601530114808,0
0,0.02452258306245009,0
0,0.3703333342075348,0
0,0.6094917627175649,1
0,0.0107210875240465,0
0,0.007370860232040286,0
0,0.8443478639920553,1
0,0.054010174125432964,0
1,0.8568314218521117,1
1,0.8238379796346029,1
0,0.13318744838237762,0
0,0.5154180856545766,1
0,0.11995504369338354,0
1,0.8653533164660135,1
0,0.06127104515830676,0
0,0.007892241155107817,0
0,0.27635063727696735,0
1,0.9615500879287721,1
0,0.022182266674935818,0
0,0.5380700000127157,1
0,0.04821566705902417,0
0,0.00026976010606934625,0
0,0.009259066072603067,0
0,0.03520406655346354,0
0,0.10293088148037592,0
0,0.1966283480326335,0
0,0.035726685511569184,0
0,0.5856789342562357,1
0,0.03762901370724042,0
0,0.2796120878060659,0
1,0.47675168891747793,0
0,0.03641158013294141,0
0,0.028739194050431252,0
1,0.9080315430959066,1
0,0.01536646297822396,0
0,0.19211753904819487,0
1,0.26666058818499244,0
1,0.8924959826469422,1
0,0.7386252967516581,1
1,0.16225263655185698,0
0,0.5581620562076569,1
0,0.0037826335337013007,0
0,0.014713667320708433,0
0,0.49969707886377973,0
0,0.00011906640914579232,0
0,0.04119956001639366,0
0,0.017324713819349805,0
0,0.017398531533156833,0
0,0.00777878828967611,0
1,0.9091990780830383,1
0,0.07079308902223905,0
1,0.5927784236272177,1
0,0.005771522795160612,0
0,0.08869226018587749,0
0,0.07618712611496449,0
0,0.13116975088914237,0
0,0.0004995972849428654,0
1,0.8019217856725057,1
0,0.09026119152704874,0
1,0.8633670934041341,1
0,0.13211331804593404,0
0,0.09635151714086532,0
0,0.026915536916349084,0
0,0.006884358778285484,0
0,0.02718138917349279,0
0,0.04698846772313118,0
0,0.027578259482979775,0
0,0.004171993272999923,0
0,0.04400212896366914,0
1,0.8769835313161214,1
0,0.5584478592872619,1
1,0.9207215317090353,1
0,0.04775661171724399,0
0,0.2770206586519877,0
0,0.0411986384789149,0
1,0.9325636879603069,1
0,0.734396215279897,1
1,0.39153065681457516,0
0,0.0009392863139510155,0
0,0.7859222396214802,1
0,0.8409379990895589,1
0,0.03260648100326458,0
0,0.10349569227546453,0
1,0.09054093321164448,0
1,0.5073804871241251,1
1,0.6097960913181305,1
0,0.00559720776975155,0
0,0.2327203087011973,0
1,0.21634207129478455,0
0,0.001296947244554758,0
0,0.09013474615911643,0
0,0.044138334741195044,0
1,0.1463681737581889,0
1,0.6221337000528971,1
0,0.018820007319251698,0
0,0.0987686204413573,0
0,0.37799561796089015,0
0,0.003778429194353521,0
0,0.003490596841632699,0
0,0.008756084671864907,0
0,0.006913246212061495,0
1,0.06202384933829308,0
0,0.4983715466658274,0
1,0.18866290410359698,0
1,0.7902617033322653,1
1,0.8807610050837199,1
0,0.00838772858803471,0
1,0.9429760956764222,1
1,0.017310441148777802,0
1,0.8001547479629516,1
0,0.8749766039848327,1
0,0.037725785557801525,0
1,0.38376234690348304,0
1,0.8227220034599304,1
0,0.017282071857092282,0
0,0.5200968166192372,1
1,0.5980488514900207,1
0,0.4024488579978545,0
0,0.3783144558531542,0
0,0.060939585119485856,0
0,0.047009710570176444,0
0,0.03438421833018462,0
0,0.45701984882354735,0
0,0.004934516033778588,0
1,0.28923487663269043,0
1,0.2616733777523041,0
1,0.8983702913920085,1
0,0.04545933152238527,0
0,0.08862725079059601,0
0,0.8381932242711385,1
1,0.9800276398658753,1
1,0.8348986983299255,1
0,0.13815784414609275,0
0,0.0791347294052442,0
0,0.03755926073839267,0
1,0.6673106193542481,1
0,0.3235204943021139,0
0,0.00017823112041999897,0
0,0.7191211636861166,1
0,9.030140548323591e-05,0
0,0.1755657901366552,0
1,0.7006355357170104,1
0,0.8892922290166219,1
1,0.4711532815297444,0
0,0.3000222404797872,0
1,0.9588825217882793,1
0,0.007210181127302349,0
1,0.9788000059127807,1
0,0.009257765170186758,0
0,0.44080436795949934,0
0,0.10517135029037794,0
0,0.7878692380587259,1
0,0.04472594991326332,0
0,0.03798027837648988,0
0,0.018233693422128758,0
0,0.013237847859660784,0
0,0.051581879655520115,0
0,0.0703817459444205,0
0,0.01080434954725206,0
0,0.00017726093453044692,0
0,0.0018522590398788452,0
1,0.9322003078460693,1
0,0.7277119199434917,1
1,0.9077411659558615,1
0,0.05193767296150326,0
0,0.09564896961053211,0
0,0.5497606058915456,1
0,0.4239145725468794,0
0,0.03038899287581444,0
0,0.13619009653727213,0
0,0.013673833908202747,0
0,0.7105071679751078,1
0,0.17978534817695616,0
0,0.05222225595886509,0
0,0.00020701589528471231,0
1,0.16225497603416442,0
1,0.885636203289032,1
0,0.05267684645950794,0
0,0.0013809469528496265,0
1,0.9274917030334473,1
1,0.3878361717859904,0
0,0.745530536174774,1
0,0.10291053752104441,0
1,0.27114324291547137,0
0,0.00019620069845890006,0
0,0.0035503651178441942,0
0,0.08684095640977224,0
0,0.013651146366416166,0
1,0.8304220843315124,1
0,0.07264854714274406,0
0,0.009682151327530543,0
1,0.029227894321084025,0
1,0.056232692400614424,0
0,0.03315968491137028,0
0,0.007564975097775459,0
0,0.008613225221633911,0
1,0.4484060899416606,0
0,0.010561933460024495,0
0,0.00011926346148053805,0
0,0.49158894300460815,0
1,0.16889074603716533,0
1,0.891623249053955,1
1,0.5265204421679179,1
1,0.06071365674336751,0
1,0.5197135257720947,1
0,0.1372330359617869,0
0,0.03369332971672217,0
0,0.07364695404966672,0
1,0.9691014726956686,1
0,0.056579122891028726,0
0,0.015678165933738154,0
0,0.3508810233945648,0
0,0.05681595993538698,0
0,0.03374734697242578,0
0,0.00029354462943350274,0
0,0.024149550180882218,0
1,0.9019674388567607,1
0,0.449097860455513,0
0,0.02075058624148369,0
0,0.021299318398038548,0
0,0.004199927592029174,0
0,0.029439013736943406,0
1,0.9093379338582356,1
1,0.856384007136027,1
1,0.8522151041030884,1
0,0.000715749803930521,0
0,0.2733319834868113,0
0,0.5637420735756556,1
1,0.35659694751103715,0
1,0.27431778073310853,0
0,0.037741443496197465,0
0,0.0003025436502260466,0
1,0.6166519212722779,1
0,0.020391502243777115,0
0,0.12859960672756035,0
1,0.9734097297986349,1
0,0.403760508497556,0
1,0.7878480815887451,1
0,0.7828304243087768,1
1,0.4545255279541016,0
0,0.24022179007530212,0
1,0.2940297695000966,0
0,0.01028211260602499,0
0,0.0003050202891851465,0
1,0.7524513165156046,1
0,0.010767377826074759,0
1,0.4127438418070475,0
0,0.41238522484898565,0
0,0.43854178190231324,0
1,0.5625341137250265,1
0,0.10699850608905155,0
1,0.8019408464431762,1
0,0.03620401899019877,0
1,0.7187183594703676,1
0,0.44304313664635026,0
0,0.007721340122322242,0
0,0.01710207638485978,0
0,0.005265122509251039,0
0,0.03644405814508597,0
0,0.06770829270283381,0
0,0.07647815426190695,0
1,0.21568416357040407,0
0,0.0005591055766368905,0
0,0.03242244933421413,0
0,0.7452195596694947,1
1,0.057581103444099425,0
0,0.038840152993798255,0
1,0.28383333841959635,0
0,0.7527320901552836,1
0,0.3761798686285814,0
0,0.008006274464229744,0
1,0.3094739536444346,0
0,0.06523202486336231,0
0,0.020478237792849543,0
1,0.8876314155260722,1
0,0.0009331576681385437,0
0,0.20746862490971885,0
0,0.00499661802003781,0
0,0.24297462026278174,0
0,0.1687691068649292,0
0,0.4313465796907743,0
0,0.3983546220262846,0
0,0.005052248556166887,0
0,0.05328475594520569,0
0,0.10801059901714326,0
0,0.39730770031611123,0
0,0.003626061270479113,0
0,0.05551586156090101,0
0,0.22893018404642743,0
1,0.3397420620918274,0
0,0.1045555337270101,0
0,0.03004992246627808,0
0,0.8014223663012187,1
1,0.321702166001002,0
0,0.06862871468067169,0
0,0.018315063777069252,0
0,0.0016021039336919785,0
0,0.028802984524518252,0
0,0.0012123503256589174,0
0,0.019956738129258158,0
0,0.0006194018836443623,0
0,0.814986895720164,1
0,0.8290760294596354,1
1,0.5945034186045329,1
0,0.023816288116698465,0
1,0.8892243679364523,1
0,0.5843618710835775,1
0,0.003444876547825212,0
0,0.3835604944825173,0
0,0.010496972662707169,0
0,7.242732681334019e-05,0
0,0.0037955773264790574,0
0,0.03049329534173012,0
0,0.01232977916797002,0
1,0.7953832745552063,1
0,0.04148650398477912,0
0,0.5317802174886067,1
0,0.43288573374350864,0
0,0.6039354169368744,1
0,0.02380872438351313,0
0,0.022988067070643107,0
1,0.6937388300895692,1
0,0.6316991782188416,1
0,0.5967744549115499,1
0,0.000672040351976951,0
1,0.8971962896982829,1
0,0.5103999018669129,1
0,5.146147547444949e-05,0
0,0.0008746564077834288,0
0,0.06907418822248777,0
0,0.15164243340492248,0
1,0.12196312377850214,0
1,0.04856726547082265,0
1,0.3973660929997762,0
1,0.1479973022143046,0
1,0.8936004376411438,1
1,0.14228736499945324,0
1,0.579327620267868,1
1,0.31803268591562905,0
0,0.03742901186148326,0
1,0.17525296052296957,0
0,0.12619445115327835,0
0,0.4183577324946721,0
0,0.5823534345626831,1
0,0.08039108534653981,0
1,0.5349613038698832,1
0,0.00930355659375588,0
1,0.8650358986854553,1
0,0.019841977146764597,0
0,0.006804403833036001,0
0,0.056438452129562694,0
1,0.6635325201352438,1
0,0.00028806944222499925,0
1,0.4614915863672892,0
0,0.04947134678562482,0
1,0.9733818213144939,1
0,0.1776798935731252,0
0,0.04371341648201147,0
0,0.013575227533777554,0
0,0.09798407534758251,0
0,0.0035005994141101837,0
0,0.008413245429595312,0
0,0.02703941448281209,0
0,0.07616755188753208,0
0,0.05215742389361064,0
0,0.021835849912216265,0
0,0.08496483812729518,0
1,0.5635729622840882,1
0,0.007303318390622735,0
0,0.11355598424871761,0
0,0.14953636447588603,0
0,0.050090534190336856,0
0,0.0959679212172826,0
0,0.09557353580991428,0
1,0.44873645464579265,0
0,0.004216963034123182,0
0,0.4751139807701111,0
1,0.036656534348924956,0
0,0.8229514392217,1
0,0.05044670616587003,0
0,0.00015268440862807134,0
1,0.8857167331377666,1
0,0.8608330535888672,1
0,0.5116901659965515,1
0,0.024520405934502682,0
0,0.1923320817947388,0
0,0.39891193111737566,0
0,0.06511086949457724,0
0,0.18163979093233742,0
0,0.5086775362491608,1
1,0.8294994362195333,1
0,0.9685353016853333,1
1,0.5674863032499949,1
0,0.022501015240947404,0
0,0.0050706907610098524,0
0,0.3717283130437136,0
0,0.014329207194969058,0
0,0.18398430784543354,0
0,0.02370636469529321,0
0,0.0707393653690815,0
1,0.8871571516990663,1
0,0.00388979601363341,0
0,0.24170367062091827,0
0,0.0805396460245053,0
0,0.42566043853759766,0
0,9.457340153555076e-05,0
0,0.05483267739415169,0
0,0.027492406678696475,0
0,0.06315347034484148,0
0,0.02919838869944215,0
1,0.8553712932268779,1
0,0.020753190678854783,0
0,0.06771302064259847,0
0,0.030678378082811833,0
0,0.0483501941151917,0
1,0.17264647334814073,0
0,0.01770962548131744,0
0,0.38842889880140624,0
0,0.02338718459010124,0
0,0.493080471555392,0
1,0.3556067872047424,0
0,0.1028311268488566,0
1,0.5529554772377013,1
1,0.6729667607943218,1
0,0.017607985980187854,0
0,0.021870036125183106,0
0,0.005071344394236803,0
1,0.8232709272702534,1
0,0.004156593230242531,0
0,0.06270392010609309,0
0,0.601444525718689,1
0,0.06758003135522207,0
1,0.8034320958455403,1
0,0.00722136646664391,0
0,0.41986487547556556,0
1,0.9082035056749979,1
0,0.18084515755375227,0
0,0.20212490797042845,0
0,0.06670749748746554,0
0,0.03861861867209276,0
0,0.02770371391127507,0
0,0.006959691407779853,0
0,0.6514619350433349,1
1,0.8713240869839987,1
0,0.04838962197303772,0
1,0.5002299443880717,1
1,0.8245292782783508,1
0,0.033139954060316085,0
0,0.0708999855319659,0
1,0.9309163943926494,1
0,0.027188616394996645,0
0,0.380325232843558,0
0,0.020384146774498124,0
1,0.37907482758164407,0
0,0.09056665810445945,0
0,0.47939445972442624,0
1,0.5686680984497071,1
1,0.9612349780400594,1
0,0.05612798961500327,0
0,0.003461892577664306,0
1,0.9850150084495545,1
0,0.04695788984497388,0
0,0.0035889591835439206,0
1,0.0602412127951781,0
0,0.21590273141860963,0
0,0.1698898394902547,0
0,0.23285305897394815,0
0,0.1109900293747584,0
0,0.0014216265020271142,0
0,0.025229084982226296,0
0,0.06103869135181109,0
0,0.0213007246889174,0
0,0.008863825344791016,0
0,0.737322580019633,1
0,0.003939411289369066,0
1,0.9517250633239747,1
1,0.6692340580622355,1
0,0.6984149916966755,1
0,0.03712564215064049,0
0,0.0002503787788252036,0
0,0.025560550838708878,0
1,0.12513203958670296,0
1,0.7186736476421357,1
1,0.8611421529452006,1
0,0.053702357100943725,0
0,0.03772788537976642,0
0,0.024188366541638973,0
0,0.007377383060132464,0
0,0.0035949454922229052,0
1,0.04385202094912529,0
0,0.22165158271789553,0
1,0.10616136024395624,0
1,0.8951203123728435,1
0,0.005793460719287396,0
0,0.0036446191145417593,0
1,0.8914079570770262,1
0,0.0005745822175716361,0
0,0.003812376561885079,0
0,0.03441245183348656,0
1,0.2571556480725606,0
1,0.42164721031983693,0
0,0.28220383644104,0
1,0.8149370932579041,1
1,0.9013037021954854,1
0,0.007566364087785284,0
0,0.02222482959429423,0
0,0.9391302577654521,1
1,0.313031849861145,0
0,0.9542825667063396,1
0,0.18242964784304302,0
0,0.087503359913826,0
0,0.010083970141907534,0
0,0.003926666566791634,0
0,0.025580987160404522,0
1,0.3783191212018331,0
1,0.07981085732579231,0
0,0.04572541147470474,0
1,0.9292940553029378,1
1,0.639797392686208,1
0,0.0037415094720199705,0
0,0.5244355690479279,1
0,0.00015428118058480322,0
0,0.003591539276919017,0
0,0.037867392698923745,0
0,0.03359444686599697,0
0,0.09907835846145947,0
0,0.014658623052140078,0
0,0.010072094412947383,0
0,0.11830626825491587,0
0,0.06998721132675807,0
0,0.5948557273546854,1
1,0.8028083300590515,1
1,0.581561439037323,1
0,0.05377650496860345,0
0,0.09974814256032309,0
0,0.0072923011938109995,0
0,0.01542287901043892,0
0,0.007712576532115539,0
1,0.9669019921620686,1
0,0.2215088407198588,0
0,0.00014099311859657368,0
0,0.3886072715123494,0
1,0.9197815585136414,1
0,0.06204394549131393,0
0,0.0352957369449238,0
0,8.463596653503676e-05,0
0,0.04352249016364416,0
1,0.1387446848551432,0
0,0.4495984892050425,0
0,0.02899205061296622,0
1,0.9063302858670553,1
0,0.593303713798523,1
1,0.919519662062327,1
0,0.02468569861724973,0
0,0.03284308288246393,0
0,0.013619219173366824,0
0,0.06857550968726477,0
1,0.9442430488268534,1
0,0.2396553945541382,0
0,0.04787232180436452,0
1,0.8523909727732341,1
0,0.024502150382225713,0
0,0.019212629708151022,0
0,7.895915769040585e-05,0
1,0.6910968502362569,1
0,0.010260627421084792,0
0,0.03080282931836943,0
0,0.08528118411699931,0
0,0.03592305342356364,0
1,0.045644285970677934,0
0,0.17889611641565958,0
0,0.6359329668680828,1
1,0.4799204087257385,0
0,0.20711476266384124,0
0,0.569139462709427,1
0,0.0008454817968110243,0
1,0.9010714848836262,1
0,0.021950080196062722,0
0,0.005462673722455899,0
0,0.9444494001070658,1
0,0.007093562117467324,0
0,0.09397907425959906,0
0,0.40479629596074423,0
1,0.03222674873967966,0
0,0.02750724893063307,0
1,0.9161480593681336,1
0,0.08536669770876566,0
0,0.06811034023761749,0
1,0.97217972834905,1
1,0.5019024801254273,1
1,0.8418641877174378,1
0,0.05421444015887877,0
0,0.005948215487102668,0
0,0.17868814428647362,0
0,0.06197738859181603,0
1,0.745692347685496,1
0,0.008697478249669075,0
0,0.14392100830872853,0
0,0.41808179775873816,0
1,0.1783794069290161,0
0,0.04763439054290453,0
0,0.036932571915288766,0
0,0.020468407873995603,0
0,0.0006546468939632177,0
0,0.008517180252820254,0
1,0.9446561551094055,1
0,0.011838525446752707,0
0,0.03504419804861148,0
0,0.004029832469920318,0
0,0.6287745849291483,1
0,0.1091218779484431,0
0,0.09401824414730071,0
0,0.03470942700902621,0
0,0.02477684855461121,0
0,0.0006105315793926517,0
0,0.05252483824888865,0
0,0.020550588321251173,0
0,0.09428915182749431,0
0,0.0007333361233274142,0
0,0.04685071138044198,0
0,0.0009723894763737917,0
0,0.11312952856222787,0
0,0.006886367602273822,0
0,0.06328407622873783,0
1,0.03878314644098282,0
0,0.0018941030527154605,0
1,0.526484629313151,1
1,0.9365449666976929,1
0,0.4512981031338374,0
0,0.018422218101720015,0
0,0.020144639909267428,0
0,0.041175869653622306,0
0,0.007498024956633647,0
0,0.18676642517248787,0
0,0.2847844461599986,0
0,0.11434438546498615,0
1,0.9302182022730509,1
0,0.0473057411874955,0
0,0.003744735068952044,0
0,0.3739879738663634,0
0,0.011060405435661474,0
0,0.06907572987178962,0
0,0.8282366458574931,1
0,0.0007809701686104139,0
0,0.00021651096176356077,0
0,0.0074190131078163786,0
0,0.22329443613688152,0
0,0.004430714525903265,0
0,0.032146779714773095,0
0,0.4903218211730321,0
0,0.00021411398968969783,0
1,0.8818807625770568,1
0,0.02227127488081654,0
0,0.007549133921662967,0
0,0.04333252099653085,0
0,0.6335226360956828,1
1,0.14471140046914419,0
0,0.4392850136756897,0
0,0.3240242302417755,0
1,0.2218379372358322,0
0,0.4278645275036494,0
1,0.4734848666191101,0
1,0.4650989151000977,0
1,0.47340376138687135,0
0,0.0005279761971905828,0
0,0.015223241709172726,0
1,0.09588644554217657,0
0,0.483916323184967,0
0,0.03387252358564486,0
1,0.9523133850097656,1
0,0.02327824025104443,0
1,0.5396569546063742,1
0,0.21204549630482994,0
1,0.8744861141840617,1
1,0.6068347183863322,1
1,0.15085741480191547,0
0,0.6055796011288961,1
1,0.38272071160376075,0
0,0.32309539477030436,0
0,0.004164895974099636,0
0,0.007418338436012467,0
0,0.3298666834831238,0
0,0.44075342764457065,0
1,0.8656220897038778,1
0,0.27585534691810604,0
1,0.4642418837547302,0
0,0.42077938313285507,0
1,0.9147397629419962,1
0,0.4316489377617836,0
0,0.30112098097801204,0
0,0.023716765201340122,0
0,0.052323208153247834,0
0,0.13365928967793783,0
0,0.019001332720120747,0
1,0.4538473653793335,0
1,0.9880486234029133,1
0,0.04787979433623454,0
1,0.474497561454773,0
0,0.4075320021311442,0
1,0.9550971961021424,1
0,0.03193460735802849,0
1,0.8369725028673808,1
1,0.08977532130976518,0
0,0.009253065250813961,0
0,0.08410400743285813,0
0,0.006892440795587997,0
0,0.4446960862477621,0
0,0.7527245386441548,1
0,0.06544518202543259,0
0,0.05633071596423785,0
0,0.47630994190772374,0
0,0.4902391624450684,0
0,0.008063239815334479,0
0,0.06616201013326645,0
0,0.011535950228571892,0
0,0.04949718662848076,0
0,0.023601954554518065,0
0,0.04414427921175956,0
0,0.007256545857526362,0
0,0.06149294813474019,0
0,0.01765057319154342,0
0,0.07770133120318254,0
0,0.007462107570221027,0
0,0.0036270126746967436,0
0,0.3663263201713562,0
1,0.7779033684730529,1
1,0.9494517596562703,1
0,0.02565587356686592,0
0,0.008097888665894669,0
0,0.032421487433214984,0
1,0.8540278617540995,1
0,0.021817608096947272,0
0,0.673571419318517,1
0,0.013998424547413985,0
0,0.00010387140597837667,0
0,0.11805671493212382,0
1,0.3968296162287394,0
0,0.018775617306431135,0
0,0.02060384557582438,0
1,0.40374211072921756,0
1,0.06495930110414823,0
1,0.9005330459276836,1
0,0.010935579029222329,0
1,0.9175547615687053,1
0,4.915446819116672e-05,0
1,0.2929746500651042,0
0,0.6608621422449747,1
0,0.3588858405749003,0
0,0.3702684424817562,0
0,0.00013506077812053263,0
1,0.09456353535254797,0
0,0.02774377537270387,0
0,0.007218516619565587,0
0,0.04245387867713968,0
1,0.9068222999572754,1
0,0.00024209811817854643,0
0,0.1635623624920845,0
0,0.06473118379712105,0
0,0.04628759543100993,0
0,8.963098904738824e-05,0
0,0.0034936289368973426,0
0,0.054493995569646354,0
0,0.46370352973540624,0
0,0.012418521636476118,0
0,0.5153842959801356,1
0,0.05002973179022471,0
1,0.13028765082359314,0
0,0.745598357518514,1
0,0.6045401807626088,1
0,0.07150377631187439,0
0,0.02062336167320609,0
0,0.018632669684787592,0
0,0.036702576217552026,0
0,0.22927370190620422,0
1,0.3544197634855906,0
0,0.1723416127761205,0
1,0.2068377200762431,0
1,0.45956687549750014,0
1,0.5924317359924317,1
0,0.006324486260612806,0
0,0.02221489897618691,0
0,0.001316382394482692,0
0,0.028110704980790616,0
0,0.02696999214589596,0
0,0.016384900224705536,0
0,0.44693506201108296,0
0,0.014344245260581374,0
1,0.4751253604888916,0
0,0.017301616243397197,0
0,0.939879071712494,1
0,0.045698746765653296,0
1,0.1142814514040947,0
0,0.0934172359108925,0
0,0.14462838063637415,0
0,0.006799781223138173,0
1,0.8364507762591044,1
0,0.045116234918435416,0
0,0.06140520721673965,0
0,0.8776856160163881,1
0,6.615601887460798e-05,0
0,0.3767160210261742,0
1,0.777166661421458,1
1,0.8858092919985454,1
0,0.019667238059143225,0
0,0.028211252354085448,0
0,0.024360943951954445,0
0,0.06010779346028964,0
1,0.40546027978261306,0
0,0.021297217716152467,0
0,0.4144801251093546,0
0,0.05133071700111031,0
0,0.0478039738163352,0
0,0.1409852550427119,0
0,0.03732270425806443,0
0,0.01029685041711976,0
0,0.18998875101407373,0
0,0.0003169077487351994,0
0,0.01701865002512932,0
0,0.3612330493579308,0
0,0.06374892433484396,0
1,0.9575302879015605,1
0,0.031061113861699897,0
0,0.05007603620489439,0
0,0.015873321865995726,0
1,0.9244667681058248,1
0,0.3536038951079051,0
0,0.04755309214194616,0
0,0.020201119012975444,0
0,0.02400750377525886,0
1,0.9380334075291952,1
0,0.03004026845097542,0
0,0.01637976460158825,0
1,0.3867458550135295,0
0,0.0551606829961141,0
0,0.12950767060120902,0
0,0.9755687952041626,1
0,0.0007806827003757159,0
0,0.4393575053413709,0
0,0.0019748417350153127,0
0,0.25894980986913047,0
1,0.00970360123862823,0
1,0.5252529176076254,1
0,0.21194240887959795,0
0,0.0458880168137451,0
0,0.0263360637674729,0
1,0.15046678751707077,0
0,0.0855064334720373,0
0,0.026480356603860857,0
1,0.5531934134165446,1
0,0.017940921848639848,0
0,0.3963262498378754,0
0,0.004460118242229025,0
0,0.14764158248901368,0
0,0.17203762531280517,0
1,0.7955623332659404,1
0,0.06626291342079639,0
1,0.14716055949529014,0
0,0.020690398815398414,0
0,0.4677205652991931,0
0,0.30870357116063435,0
0,0.11142379601796469,0
0,0.07604732165733973,0
1,0.3891480708122253,0
0,0.1648684577147166,0
0,0.0015994164471824963,0
0,0.0543480067451795,0
1,0.38506072441736855,0
0,0.023358445751170315,0
0,0.0001683837229696413,0
0,0.02946731368700663,0
0,0.004052392514422536,0
0,0.16308386713266373,0
1,0.4663065393765768,0
0,0.10821993231773376,0
0,0.19033439139525096,0
0,0.2607115344206492,0
0,0.06128050886094571,0
0,0.007533808934191863,0
0,0.03065759717176358,0
1,0.9410777473449707,1
1,0.9696803434689839,1
0,0.005527958193173012,0
1,0.9572915943463643,1
0,0.12559750258922578,0
0,0.04315076353649298,0
0,0.01387701764702797,0
0,0.15082265029350916,0
0,0.020804185401648283,0
0,0.014860264944533507,0
0,0.09938569297393163,0
0,0.0004611757273475329,0
0,0.03793110803700984,0
0,0.20938282807668052,0
0,0.16669995526472725,0
1,0.2669090640544891,0
0,0.06901200289527575,0
0,0.04139499719565113,0
1,0.007802869888643424,0
0,0.01755416120092074,0
1,0.8715415970484416,1
0,0.6000932069619497,1
0,0.8399838590621949,1
0,0.40107943291465437,0
0,0.0072725739190354945,0
0,0.19410601596037547,0
0,0.00448433185617129,0
1,0.8853807425498963,1
0,0.001676897518336773,0
0,0.02044059280306101,0
0,0.05633515760302543,0
1,0.035203497981031735,0
0,0.09526835143566131,0
0,0.12950887362162272,0
0,0.1284744417667389,0
1,0.6325230813026428,1
0,0.003453389146598056,0
0,0.052858669112126035,0
1,0.7816732835769654,1
0,0.8371392695109049,1
0,0.014473569182058174,0
0,0.05573671857515971,0
0,0.5231592718760173,1
0,0.6657696731885274,1
0,0.03816268969948093,0
0,0.1474252335727215,0
0,0.10606868579983712,0
1,0.46651854217052463,0
0,0.40762943893671033,0
0,0.011874149466554323,0
0,0.02786996911590298,0
0,0.18856010913848875,0
0,0.084478098154068,0
1,0.9220160762468974,1
0,0.0006818178420265516,0
0,0.04940983943641186,0
0,0.02122475306193034,0
0,0.5861128103733063,1
0,0.247291065454483,0
0,0.05112564412256082,0
0,0.20982237100601195,0
0,0.0035869354001867274,0
0,0.03419999286532402,0
